<?xml version="1.0" encoding="UTF-8"?>
<project-private xmlns="http://www.netbeans.org/ns/project-private/1">
    <editor-bookmarks xmlns="http://www.netbeans.org/ns/editor-bookmarks/2" lastBookmarkId="0"/>
    <open-files xmlns="http://www.netbeans.org/ns/projectui-open-files/2">
        <group>
            <file>file:/home/nana/projetoPRI/chishiki/src/br/com/chishiki/view/AlunoVIEW.java</file>
            <file>file:/home/nana/projetoPRI/chishiki/src/br/com/chishiki/view/TelaPrincipal.java</file>
            <file>file:/home/nana/projetoPRI/chishiki/src/br/com/chishiki/view/DisciplinaVIEW.java</file>
            <file>file:/home/nana/projetoPRI/chishiki/src/br/com/chishiki/dto/ProfessorDTO.java</file>
            <file>file:/home/nana/projetoPRI/chishiki/src/br/com/chishiki/view/LoginVIEW.java</file>
            <file>file:/home/nana/projetoPRI/chishiki/src/br/com/chishiki/view/ProfessorVIEW.java</file>
        </group>
    </open-files>
</project-private>
